VandområdeID ,MålestationsID 
DKLAKE1 ,DKMONLW1000007 
DKLAKE3 ,DKMONLW1000060 
DKLAKE5 ,DKMONLW2000989 
DKLAKE8 ,DKMONLW1000002 
DKLAKE9 ,DKMONLW1000024 
DKLAKE12 ,DKMONLW15000004 
DKLAKE14 ,DKMONLW1000035 
DKLAKE16 ,DKMONLW1000122 
DKLAKE18 ,DKMONLW2000004 
DKLAKE19 ,DKMONLW2000003 
DKLAKE20 ,DKMONLW1000006 
DKLAKE21 ,DKMONLW1000517 
DKLAKE23 ,DKMONLW15000053 
DKLAKE24 ,DKMONLW1000003 
DKLAKE26 ,DKMONLW1000027 
DKLAKE28 ,DKMONLW1000057 
DKLAKE29 ,DKMONLW1000058 
DKLAKE30 ,DKMONLW1000056 
DKLAKE32 ,DKMONLW30000015 
DKLAKE33 ,DKMONLW40000014 
DKLAKE34 ,DKMONLW36000004 
DKLAKE35 ,DKMONLW40000187 
DKLAKE36 ,DKMONLW30000002 
DKLAKE37 ,DKMONLW30000658 
DKLAKE38 ,DKMONLW30000659 
DKLAKE39 ,DKMONLW30000001 
DKLAKE41 ,DKMONLW31000002 
DKLAKE42 ,DKMONLW30000035 
DKLAKE43 ,DKMONLW30000004 
DKLAKE44 ,DKMONLW30000485 
DKLAKE46 ,DKMONLW30000121 
DKLAKE48 ,DKMONLW30000032 
DKLAKE49 ,DKMONLW30000005 
DKLAKE50 ,DKMONLW38000009 
DKLAKE51 ,DKMONLW38000010 
DKLAKE52 ,DKMONLW38000016 
DKLAKE53 ,DKMONLW31000048 
DKLAKE54 ,DKMONLW38000084 
DKLAKE56 ,DKMONLW38000083 
DKLAKE58 ,DKMONLW31000009 
DKLAKE59 ,DKMONLW40000015 
DKLAKE63 ,DKMONLW30000031 
DKLAKE65 ,DKMONLW35000001 
DKLAKE67 ,DKMONLW40000016 
DKLAKE69 ,DKMONLW30000182 
DKLAKE71 ,DKMONLW37000026 
DKLAKE74 ,DKMONLW30000036 
DKLAKE75 ,DKMONLW35000003 
DKLAKE77 ,DKMONLW35000199 
DKLAKE78 ,DKMONLW30000034 
DKLAKE84 ,DKMONLW39000022 
DKLAKE85 ,DKMONLW36000006 
DKLAKE89 ,DKMONLW30000038 
DKLAKE90 ,DKMONLW37000030 
DKLAKE91 ,DKMONLW38000108 
DKLAKE92 ,DKMONLW30000144 
DKLAKE93 ,DKMONLW41000001 
DKLAKE99 ,DKMONLW34000460 
DKLAKE101,DKMONLW34000015 
DKLAKE102,DKMONLW34000081 
DKLAKE105,DKMONLW37000097 
DKLAKE106,DKMONLW32000011 
DKLAKE107,DKMONLW41000036 
DKLAKE109,DKMONLW41000608 
DKLAKE110,DKMONLW37000048 
DKLAKE111,DKMONLW32000010 
DKLAKE113,DKMONLW37000015 
DKLAKE114,DKMONLW41000002 
DKLAKE115,DKMONLW37000040 
DKLAKE117,DKMONLW32000873 
DKLAKE121,DKMONLW41000025 
DKLAKE123,DKMONLW41000003 
DKLAKE124,DKMONLW32000890 
DKLAKE125,DKMONLW34000010 
DKLAKE126,DKMONLW32000976 
DKLAKE128,DKMONLW41000045 
DKLAKE129,DKMONLW41000005 
DKLAKE135,DKMONLW41000047 
DKLAKE136,DKMONLW41000600 
DKLAKE137,DKMONLW41000006 
DKLAKE139,DKMONLW41000033 
DKLAKE140,DKMONLW37000025 
DKLAKE141,DKMONLW33000005 
DKLAKE143,DKMONLW41000008 
DKLAKE144,DKMONLW34000012 
DKLAKE146,DKMONLW42000257 
DKLAKE147,DKMONLW37000679 
DKLAKE148,DKMONLW34000014 
DKLAKE149,DKMONLW37000042 
DKLAKE155,DKMONLW34000436 
DKLAKE156,DKMONLW41000009 
DKLAKE157,DKMONLW37000126 
DKLAKE159,DKMONLW41000055 
DKLAKE161,DKMONLW37000722 
DKLAKE163,DKMONLW46000103 
DKLAKE166,DKMONLW46000154 
DKLAKE167,DKMONLW46000505 
DKLAKE169,DKMONLW46000012 
DKLAKE173,DKMONLW46000670 
DKLAKE175,DKMONLW43000442 
DKLAKE176,DKMONLW46000674 
DKLAKE179,DKMONLW46000010 
DKLAKE180,DKMONLW46000013 
DKLAKE181,DKMONLW46000127 
DKLAKE182,DKMONLW46000672 
DKLAKE183,DKMONLW47000315 
DKLAKE184,DKMONLW47000960 
DKLAKE185,DKMONLW46000480 
DKLAKE187,DKMONLW45000018 
DKLAKE189,DKMONLW45000009 
DKLAKE190,DKMONLW45000025 
DKLAKE191,DKMONLW44000011 
DKLAKE192,DKMONLW45000333 
DKLAKE193,DKMONLW44000076 
DKLAKE194,DKMONLW45000124 
DKLAKE195,DKMONLW45000027 
DKLAKE196,DKMONLW45000021 
DKLAKE197,DKMONLW45000024 
DKLAKE198,DKMONLW45001221 
DKLAKE199,DKMONLW45000191 
DKLAKE201,DKMONLW47000023 
DKLAKE202,DKMONLW46000009 
DKLAKE203,DKMONLW47001036 
DKLAKE206,DKMONLW44000019 
DKLAKE207,DKMONLW44000166 
DKLAKE208,DKMONLW44000040 
DKLAKE210,DKMONLW44000443 
DKLAKE213,DKMONLW44000015 
DKLAKE214,DKMONLW47000012 
DKLAKE215,DKMONLW44000018 
DKLAKE220,DKMONLW44000017 
DKLAKE221,DKMONLW44000092 
DKLAKE222,DKMONLW47000068 
DKLAKE225,DKMONLW47000191 
DKLAKE226,DKMONLW47000009 
DKLAKE227,DKMONLW47000013 
DKLAKE229,DKMONLW47000162 
DKLAKE231,DKMONLW44000424 
DKLAKE232,DKMONLW47000014 
DKLAKE236,DKMONLW47000355 
DKLAKE237,DKMONLW47001143 
DKLAKE238,DKMONLW47001151 
DKLAKE239,DKMONLW47000167 
DKLAKE242,DKMONLW47000017 
DKLAKE243,DKMONLW47000055 
DKLAKE245,DKMONLW47000149 
DKLAKE247,DKMONLW9000009 
DKLAKE248,DKMONLW9000193 
DKLAKE249,DKMONLW16000408 
DKLAKE251,DKMONLW19000017 
DKLAKE252,DKMONLW20000043 
DKLAKE255,DKMONLW16000001 
DKLAKE256,DKMONLW19000021 
DKLAKE258,DKMONLW16000293 
DKLAKE259,DKMONLW9000180 
DKLAKE260,DKMONLW20000217 
DKLAKE261,DKMONLW9000010 
DKLAKE262,DKMONLW16000057 
DKLAKE263,DKMONLW14000030 
DKLAKE265,DKMONLW16000038 
DKLAKE266,DKMONLW9000558 
DKLAKE268,DKMONLW11000002 
DKLAKE269,DKMONLW20000015 
DKLAKE270,DKMONLW20000016 
DKLAKE271,DKMONLW18000028 
DKLAKE272,DKMONLW11000001 
DKLAKE273,DKMONLW16000003 
DKLAKE274,DKMONLW18000011 
DKLAKE275,DKMONLW9000012 
DKLAKE276,DKMONLW1000195 
DKLAKE277,DKMONLW18000821 
DKLAKE278,DKMONLW18000799 
DKLAKE279,DKMONLW9000893 
DKLAKE281,DKMONLW18000801 
DKLAKE282,DKMONLW9000895 
DKLAKE283,DKMONLW9000897 
DKLAKE284,DKMONLW18000823 
DKLAKE285,DKMONLW14000037 
DKLAKE286,DKMONLW16001337 
DKLAKE288,DKMONLW9000286 
DKLAKE289,DKMONLW18000119 
DKLAKE290,DKMONLW10000169 
DKLAKE291,DKMONLW9000191 
DKLAKE293,DKMONLW16000106 
DKLAKE294,DKMONLW20000189 
DKLAKE295,DKMONLW20000044 
DKLAKE296,DKMONLW16000049 
DKLAKE297,DKMONLW16000004 
DKLAKE298,DKMONLW7000321 
DKLAKE299,DKMONLW16000005 
DKLAKE300,DKMONLW13000002 
DKLAKE301,DKMONLW16000058 
DKLAKE302,DKMONLW10000155 
DKLAKE303,DKMONLW18000021 
DKLAKE304,DKMONLW15000052 
DKLAKE305,DKMONLW10000883 
DKLAKE306,DKMONLW9000823 
DKLAKE307,DKMONLW12000002 
DKLAKE308,DKMONLW9000562 
DKLAKE309,DKMONLW16000016 
DKLAKE310,DKMONLW18000017 
DKLAKE311,DKMONLW6000108 
DKLAKE312,DKMONLW10000160 
DKLAKE315,DKMONLW9000017 
DKLAKE316,DKMONLW20000737 
DKLAKE317,DKMONLW16000091 
DKLAKE318,DKMONLW16000310 
DKLAKE319,DKMONLW12000003 
DKLAKE320,DKMONLW16000013 
DKLAKE321,DKMONLW7000009 
DKLAKE322,DKMONLW13000063 
DKLAKE323,DKMONLW1000108 
DKLAKE325,DKMONLW9000204 
DKLAKE327,DKMONLW9000018 
DKLAKE328,DKMONLW14000014 
DKLAKE329,DKMONLW16000059 
DKLAKE330,DKMONLW16000104 
DKLAKE331,DKMONLW19000018 
DKLAKE332,DKMONLW7000010 
DKLAKE333,DKMONLW20000272 
DKLAKE335,DKMONLW20000234 
DKLAKE336,DKMONLW10000002 
DKLAKE337,DKMONLW20000017 
DKLAKE338,DKMONLW16000069 
DKLAKE339,DKMONLW11000019 
DKLAKE340,DKMONLW18000122 
DKLAKE342,DKMONLW16001265 
DKLAKE343,DKMONLW11000007 
DKLAKE347,DKMONLW20000209 
DKLAKE348,DKMONLW11000021 
DKLAKE350,DKMONLW7000084 
DKLAKE351,DKMONLW21000241 
DKLAKE353,DKMONLW10000774 
DKLAKE354,DKMONLW1000036 
DKLAKE355,DKMONLW13000003 
DKLAKE357,DKMONLW20000033 
DKLAKE358,DKMONLW12000091 
DKLAKE359,DKMONLW12000092 
DKLAKE361,DKMONLW16000065 
DKLAKE363,DKMONLW16000066 
DKLAKE364,DKMONLW7000082 
DKLAKE365,DKMONLW7000083 
DKLAKE368,DKMONLW17000003 
DKLAKE370,DKMONLW16000108 
DKLAKE372,DKMONLW14000015 
DKLAKE373,DKMONLW16000401 
DKLAKE374,DKMONLW1000402 
DKLAKE375,DKMONLW16001159 
DKLAKE376,DKMONLW16000398 
DKLAKE377,DKMONLW12000437 
DKLAKE378,DKMONLW12000439 
DKLAKE379,DKMONLW20000035 
DKLAKE380,DKMONLW10000154 
DKLAKE381,DKMONLW9001143 
DKLAKE382,DKMONLW16000395 
DKLAKE383,DKMONLW19000397 
DKLAKE384,DKMONLW9000821 
DKLAKE386,DKMONLW19000131 
DKLAKE387,DKMONLW9001089 
DKLAKE389,DKMONLW7000080 
DKLAKE390,DKMONLW16000050 
DKLAKE391,DKMONLW18000797 
DKLAKE393,DKMONLW12000004 
DKLAKE394,DKMONLW14000073 
DKLAKE395,DKMONLW16000309 
DKLAKE396,DKMONLW12000522 
DKLAKE397,DKMONLW18000018 
DKLAKE398,DKMONLW16000067 
DKLAKE399,DKMONLW16000068 
DKLAKE400,DKMONLW1000031 
DKLAKE401,DKMONLW7000300 
DKLAKE402,DKMONLW9000019 
DKLAKE403,DKMONLW9000819 
DKLAKE404,DKMONLW18000022 
DKLAKE405,DKMONLW11000302 
DKLAKE406,DKMONLW13000118 
DKLAKE407,DKMONLW20000213 
DKLAKE408,DKMONLW7000011 
DKLAKE409,DKMONLW1000029 
DKLAKE411,DKMONLW18000010 
DKLAKE412,DKMONLW11000004 
DKLAKE413,DKMONLW9000155 
DKLAKE414,DKMONLW10000220 
DKLAKE416,DKMONLW15001030 
DKLAKE417,DKMONLW15000050 
DKLAKE418,DKMONLW15000051 
DKLAKE419,DKMONLW15000003 
DKLAKE420,DKMONLW15000007 
DKLAKE422,DKMONLW15000049 
DKLAKE423,DKMONLW15000005 
DKLAKE424,DKMONLW22000030 
DKLAKE425,DKMONLW22001351 
DKLAKE426,DKMONLW25000150 
DKLAKE428,DKMONLW22000031 
DKLAKE429,DKMONLW22000070 
DKLAKE430,DKMONLW25000112 
DKLAKE432,DKMONLW22000039 
DKLAKE433,DKMONLW25001314 
DKLAKE434,DKMONLW25001316 
DKLAKE435,DKMONLW25000058 
DKLAKE436,DKMONLW22000270 
DKLAKE438,DKMONLW25001319 
DKLAKE439,DKMONLW22001353 
DKLAKE440,DKMONLW22000035 
DKLAKE441,DKMONLW22001292 
DKLAKE443,DKMONLW22000034 
DKLAKE444,DKMONLW22000038 
DKLAKE445,DKMONLW22001294 
DKLAKE446,DKMONLW21000322 
DKLAKE447,DKMONLW21000976 
DKLAKE448,DKMONLW21000339 
DKLAKE450,DKMONLW21000341 
DKLAKE451,DKMONLW21000352 
DKLAKE452,DKMONLW21000301 
DKLAKE453,DKMONLW21000343 
DKLAKE455,DKMONLW21000340 
DKLAKE456,DKMONLW21000305 
DKLAKE457,DKMONLW21000205 
DKLAKE458,DKMONLW21000361 
DKLAKE461,DKMONLW21000346 
DKLAKE462,DKMONLW21000395 
DKLAKE464,DKMONLW21000224 
DKLAKE466,DKMONLW21000375 
DKLAKE467,DKMONLW21000324 
DKLAKE469,DKMONLW21006075 
DKLAKE470,DKMONLW21000263 
DKLAKE471,DKMONLW21000815 
DKLAKE472,DKMONLW21001637 
DKLAKE473,DKMONLW21000258 
DKLAKE474,DKMONLW21000345 
DKLAKE475,DKMONLW21000371 
DKLAKE478,DKMONLW21000351 
DKLAKE479,DKMONLW21000376 
DKLAKE480,DKMONLW21000362 
DKLAKE482,DKMONLW21000353 
DKLAKE483,DKMONLW21000379 
DKLAKE484,DKMONLW21000377 
DKLAKE485,DKMONLW19000020 
DKLAKE486,DKMONLW21000359 
DKLAKE487,DKMONLW21000360 
DKLAKE488,DKMONLW21006497 
DKLAKE489,DKMONLW21000328 
DKLAKE490,DKMONLW21000270 
DKLAKE491,DKMONLW21000388 
DKLAKE495,DKMONLW21000365 
DKLAKE496,DKMONLW21000317 
DKLAKE497,DKMONLW21006201 
DKLAKE498,DKMONLW21000389 
DKLAKE499,DKMONLW21000304 
DKLAKE500,DKMONLW21001639 
DKLAKE501,DKMONLW21001638 
DKLAKE502,DKMONLW21000237 
DKLAKE503,DKMONLW21006477 
DKLAKE504,DKMONLW21000355 
DKLAKE506,DKMONLW21000238 
DKLAKE507,DKMONLW21000374 
DKLAKE508,DKMONLW18000226 
DKLAKE509,DKMONLW21006191 
DKLAKE510,DKMONLW21000357 
DKLAKE512,DKMONLW21000335 
DKLAKE513,DKMONLW21000333 
DKLAKE515,DKMONLW21000369 
DKLAKE516,DKMONLW21000367 
DKLAKE517,DKMONLW21000350 
DKLAKE518,DKMONLW21000318 
DKLAKE519,DKMONLW21000373 
DKLAKE520,DKMONLW21000370 
DKLAKE522,DKMONLW21000814 
DKLAKE523,DKMONLW21006077 
DKLAKE524,DKMONLW21006493 
DKLAKE526,DKMONLW21000320 
DKLAKE527,DKMONLW21000332 
DKLAKE528,DKMONLW25003290 
DKLAKE529,DKMONLW21000948 
DKLAKE531,DKMONLW21000347 
DKLAKE532,DKMONLW21000250 
DKLAKE534,DKMONLW21000366 
DKLAKE535,DKMONLW21000382 
DKLAKE536,DKMONLW21006277 
DKLAKE538,DKMONLW21000279 
DKLAKE539,DKMONLW21000280 
DKLAKE541,DKMONLW21000813 
DKLAKE542,DKMONLW21000372 
DKLAKE543,DKMONLW21006199 
DKLAKE544,DKMONLW21000393 
DKLAKE545,DKMONLW21000303 
DKLAKE546,DKMONLW21000272 
DKLAKE547,DKMONLW21000274 
DKLAKE548,DKMONLW21000998 
DKLAKE549,DKMONLW21001713 
DKLAKE550,DKMONLW21000950 
DKLAKE552,DKMONLW21000254 
DKLAKE553,DKMONLW21000338 
DKLAKE555,DKMONLW23000018 
DKLAKE556,DKMONLW23000016 
DKLAKE558,DKMONLW24000005 
DKLAKE560,DKMONLW23000161 
DKLAKE561,DKMONLW23000162 
DKLAKE564,DKMONLW23000004 
DKLAKE567,DKMONLW24000007 
DKLAKE568,DKMONLW23000008 
DKLAKE569,DKMONLW23000119 
DKLAKE570,DKMONLW23000983 
DKLAKE574,DKMONLW23000009 
DKLAKE576,DKMONLW24000017 
DKLAKE577,DKMONLW23000015 
DKLAKE578,DKMONLW24000008 
DKLAKE579,DKMONLW23000012 
DKLAKE580,DKMONLW23000020 
DKLAKE582,DKMONLW26000057 
DKLAKE583,DKMONLW23000244 
DKLAKE586,DKMONLW26000064 
DKLAKE587,DKMONLW26000061 
DKLAKE588,DKMONLW26000056 
DKLAKE589,DKMONLW23000021 
DKLAKE590,DKMONLW54000431 
DKLAKE591,DKMONLW26000167 
DKLAKE592,DKMONLW26000215 
DKLAKE593,DKMONLW25000044 
DKLAKE595,DKMONLW25000149 
DKLAKE596,DKMONLW25001027 
DKLAKE597,DKMONLW25000022 
DKLAKE598,DKMONLW25000111 
DKLAKE599,DKMONLW25001016 
DKLAKE602,DKMONLW25000644 
DKLAKE601,DKMONLW25000738 
DKLAKE604,DKMONLW25000697 
DKLAKE605,DKMONLW25000055 
DKLAKE606,DKMONLW25000672 
DKLAKE607,DKMONLW25000833 
DKLAKE608,DKMONLW30000026 
DKLAKE609,DKMONLW30000027 
DKLAKE612,DKMONLW25003347 
DKLAKE613,DKMONLW21001695 
DKLAKE615,DKMONLW25000053 
DKLAKE616,DKMONLW25003307 
DKLAKE617,DKMONLW25003311 
DKLAKE618,DKMONLW25003305 
DKLAKE619,DKMONLW25003309 
DKLAKE620,DKMONLW25003543 
DKLAKE621,DKMONLW25001017 
DKLAKE622,DKMONLW25000064 
DKLAKE623,DKMONLW25000837 
DKLAKE626,DKMONLW25003213 
DKLAKE627,DKMONLW25003074 
DKLAKE629,DKMONLW25000835 
DKLAKE630,DKMONLW25001020 
DKLAKE632,DKMONLW25000059 
DKLAKE633,DKMONLW25003204 
DKLAKE634,DKMONLW25003206 
DKLAKE635,DKMONLW25001031 
DKLAKE636,DKMONLW25003215 
DKLAKE637,DKMONLW25003208 
DKLAKE638,DKMONLW25003210 
DKLAKE639,DKMONLW25003202 
DKLAKE640,DKMONLW25001029 
DKLAKE641,DKMONLW25000107 
DKLAKE642,DKMONLW25003303 
DKLAKE644,DKMONLW25003566 
DKLAKE645,DKMONLW25001321 
DKLAKE646,DKMONLW16001157 
DKLAKE647,DKMONLW25003072 
DKLAKE650,DKMONLW27000005 
DKLAKE651,DKMONLW27000008 
DKLAKE654,DKMONLW29000523 
DKLAKE655,DKMONLW27000130 
DKLAKE656,DKMONLW27000011 
DKLAKE657,DKMONLW21001006 
DKLAKE658,DKMONLW51000084 
DKLAKE659,DKMONLW51000055 
DKLAKE660,DKMONLW55000138 
DKLAKE661,DKMONLW51000058 
DKLAKE662,DKMONLW55000033 
DKLAKE663,DKMONLW51000135 
DKLAKE665,DKMONLW51000060 
DKLAKE666,DKMONLW51000220 
DKLAKE669,DKMONLW51000056 
DKLAKE670,DKMONLW51000546 
DKLAKE671,DKMONLW51000487 
DKLAKE672,DKMONLW51000489 
DKLAKE673,DKMONLW51000057 
DKLAKE674,DKMONLW55000035 
DKLAKE675,DKMONLW51000062 
DKLAKE676,DKMONLW55000001 
DKLAKE678,DKMONLW55000477 
DKLAKE679,DKMONLW55000462 
DKLAKE680,DKMONLW51000491 
DKLAKE681,DKMONLW51000138 
DKLAKE682,DKMONLW55000012 
DKLAKE683,DKMONLW49000047 
DKLAKE684,DKMONLW49000042 
DKLAKE687,DKMONLW52000002 
DKLAKE688,DKMONLW52000015 
DKLAKE691,DKMONLW52000134 
DKLAKE692,DKMONLW52000003 
DKLAKE693,DKMONLW51000557 
DKLAKE694,DKMONLW52000286 
DKLAKE695,DKMONLW52000261 
DKLAKE696,DKMONLW49000041 
DKLAKE699,DKMONLW52000013 
DKLAKE703,DKMONLW49000148 
DKLAKE704,DKMONLW51000061 
DKLAKE706,DKMONLW52000910 
DKLAKE709,DKMONLW52000008 
DKLAKE710,DKMONLW52000139 
DKLAKE713,DKMONLW52000140 
DKLAKE714,DKMONLW51000005 
DKLAKE716,DKMONLW52000237 
DKLAKE717,DKMONLW52000366 
DKLAKE718,DKMONLW52000016 
DKLAKE720,DKMONLW52000928 
DKLAKE723,DKMONLW49000084 
DKLAKE724,DKMONLW48000001 
DKLAKE725,DKMONLW52000006 
DKLAKE726,DKMONLW52000229 
DKLAKE727,DKMONLW49000113 
DKLAKE728,DKMONLW52000144 
DKLAKE729,DKMONLW52000010 
DKLAKE730,DKMONLW52000014 
DKLAKE731,DKMONLW49000078 
DKLAKE732,DKMONLW55000036 
DKLAKE736,DKMONLW52000147 
DKLAKE739,DKMONLW50000028 
DKLAKE740,DKMONLW50000027 
DKLAKE741,DKMONLW50000005 
DKLAKE742,DKMONLW48000027 
DKLAKE744,DKMONLW48000028 
DKLAKE745,DKMONLW50000175 
DKLAKE746,DKMONLW53000038 
DKLAKE748,DKMONLW50000119 
DKLAKE749,DKMONLW53000082 
DKLAKE751,DKMONLW48000002 
DKLAKE752,DKMONLW50000042 
DKLAKE754,DKMONLW50000029 
DKLAKE756,DKMONLW53000087 
DKLAKE757,DKMONLW48000003 
DKLAKE758,DKMONLW48000030 
DKLAKE760,DKMONLW50000116 
DKLAKE761,DKMONLW53000255 
DKLAKE762,DKMONLW48000031 
DKLAKE763,DKMONLW48000032 
DKLAKE766,DKMONLW50000036 
DKLAKE767,DKMONLW50000121 
DKLAKE774,DKMONLW53000051 
DKLAKE775,DKMONLW53000080 
DKLAKE776,DKMONLW53000053 
DKLAKE777,DKMONLW50000003 
DKLAKE779,DKMONLW52000143 
DKLAKE780,DKMONLW53000052 
DKLAKE782,DKMONLW48000034 
DKLAKE785,DKMONLW50000416 
DKLAKE786,DKMONLW50000037 
DKLAKE788,DKMONLW53000036 
DKLAKE789,DKMONLW50000039 
DKLAKE791,DKMONLW53000118 
DKLAKE792,DKMONLW58000158 
DKLAKE793,DKMONLW58000013 
DKLAKE794,DKMONLW58000002 
DKLAKE796,DKMONLW57000109 
DKLAKE799,DKMONLW52000235 
DKLAKE805,DKMONLW60000126 
DKLAKE808,DKMONLW53000090 
DKLAKE809,DKMONLW53000117 
DKLAKE810,DKMONLW53000008 
DKLAKE812,DKMONLW53000001 
DKLAKE813,DKMONLW58000027 
DKLAKE814,DKMONLW53000107 
DKLAKE815,DKMONLW53000113 
DKLAKE816,DKMONLW53000109 
DKLAKE818,DKMONLW53000577 
DKLAKE823,DKMONLW58000046 
DKLAKE825,DKMONLW53000110 
DKLAKE827,DKMONLW57000103 
DKLAKE830,DKMONLW57000017 
DKLAKE832,DKMONLW57000011 
DKLAKE837,DKMONLW56000012 
DKLAKE838,DKMONLW56000010 
DKLAKE841,DKMONLW57000997 
DKLAKE842,DKMONLW63000012 
DKLAKE843,DKMONLW54000010 
DKLAKE844,DKMONLW63000003 
DKLAKE845,DKMONLW57000112 
DKLAKE846,DKMONLW57000019 
DKLAKE847,DKMONLW57000005 
DKLAKE848,DKMONLW57000188 
DKLAKE849,DKMONLW57000111 
DKLAKE850,DKMONLW57000006 
DKLAKE851,DKMONLW57000113 
DKLAKE852,DKMONLW64000001 
DKLAKE854,DKMONLW60000010 
DKLAKE856,DKMONLW57000171 
DKLAKE858,DKMONLW57000114 
DKLAKE861,DKMONLW57000316 
DKLAKE862,DKMONLW63000009 
DKLAKE863,DKMONLW57001056 
DKLAKE864,DKMONLW54000011 
DKLAKE867,DKMONLW54000012 
DKLAKE868,DKMONLW64000009 
DKLAKE869,DKMONLW57000116 
DKLAKE870,DKMONLW61000002 
DKLAKE871,DKMONLW62000003 
DKLAKE872,DKMONLW57000020 
DKLAKE873,DKMONLW56000212 
DKLAKE874,DKMONLW56000014 
DKLAKE875,DKMONLW64000002 
DKLAKE876,DKMONLW54000013 
DKLAKE878,DKMONLW57000104 
DKLAKE882,DKMONLW57000117 
DKLAKE883,DKMONLW64000017 
DKLAKE884,DKMONLW57000118 
DKLAKE885,DKMONLW54000014 
DKLAKE887,DKMONLW57000881 
DKLAKE888,DKMONLW56000015 
DKLAKE889,DKMONLW57000037 
DKLAKE890,DKMONLW63000001 
DKLAKE893,DKMONLW54000015 
DKLAKE894,DKMONLW62000104 
DKLAKE895,DKMONLW56000055 
DKLAKE897,DKMONLW63000071 
DKLAKE898,DKMONLW54000123 
DKLAKE899,DKMONLW57000022 
DKLAKE903,DKMONLW57000191 
DKLAKE904,DKMONLW57000102 
DKLAKE907,DKMONLW55000004 
DKLAKE908,DKMONLW57000024 
DKLAKE909,DKMONLW56000017 
DKLAKE910,DKMONLW57000119 
DKLAKE912,DKMONLW56000028 
DKLAKE913,DKMONLW62000009 
DKLAKE914,DKMONLW61000001 
DKLAKE915,DKMONLW60000043 
DKLAKE920,DKMONLW60000012 
DKLAKE922,DKMONLW60000101 
DKLAKE924,DKMONLW60000002 
DKLAKE925,DKMONLW60000019 
DKLAKE926,DKMONLW60000008 
DKLAKE927,DKMONLW60000013 
DKLAKE928,DKMONLW65000003 
DKLAKE930,DKMONLW60000003 
DKLAKE932,DKMONLW60000599 
DKLAKE933,DKMONLW60000009 
DKLAKE934,DKMONLW67000001 
DKLAKE938,DKMONLW66000002 
DKLAKE940,DKMONLW66000003 
DKLAKE941,DKMONLW67000005 
DKLAKE944,DKMONLW66000059 
DKLAKE949,DKMONLW67000515 
DKLAKE950,DKMONLW67000009 
DKLAKE957,DKMONLW42001012 
DKLAKE959,DKMONLW41000042 
DKLAKE960,DKMONLW42000001 
DKLAKE962,DKMONLW42000892 
DKLAKE963,DKMONLW41000079 
DKLAKE965,DKMONLW42000128 
DKLAKE967,DKMONLW42000895 
DKLAKE968,DKMONLW42000962 
DKLAKE970,DKMONLW42000121 
DKLAKE971,DKMONLW42000006 
DKLAKE972,DKMONLW42000133 
DKLAKE978,DKMONLW42001014 
DKLAKE981,DKMONLW42001054 
DKLAKE982,DKMONLW42001016 
DKLAKE984,DKMONLW42000057 
DKLAKE985,DKMONLW42000010 
DKLAKE987,DKMONLW42000070 
DKLAKE988,DKMONLW40000030 
DKLAKE992,DKMONLW42000064 
DKLAKE997,DKMONLW1000439 
DKLAKE998,DKMONLW11000283 
DKLAKE999,DKMONLW11000102 
DKLAKE1001 ,DKMONLW25000799 
DKLAKE1109 ,DKMONLW1000407 
DKLAKE1110 ,DKMONLW1000419 
DKLAKE1212 ,DKMONLW9000827 
DKLAKE1213 ,DKMONLW6000393 
DKLAKE1214 ,DKMONLW11000285 
DKLAKE1225 ,DKMONLW11000020 
DKLAKE1403 ,DKMONLW25000696 
DKLAKE1507 ,DKMONLW21006173 
DKLAKE1802 ,DKMONLW25000904 
DKLAKE1804 ,DKMONLW25000917 
DKLAKE1806 ,DKMONLW25003313 
DKLAKE2001 ,DKMONLW12000136 
DKLAKE2003 ,DKMONLW23000239 
DKLAKE2204 ,DKMONLW49000232 
DKLAKE2301 ,DKMONLW50000205 
DKLAKE2302 ,DKMONLW50000173 
DKLAKE2304 ,DKMONLW50000122 
DKLAKE2305 ,DKMONLW48000386 
DKLAKE2306 ,DKMONLW48000029 
DKLAKE2307 ,DKMONLW48000269 
DKLAKE2502 ,DKMONLW57000042 
DKLAKE3000 ,DKMONLW65000283 
DKLAKE3001 ,DKMONLW63000295 
DKLAKE3002 ,DKMONLW33000323 
DKLAKE3003 ,DKMONLW33000321 
DKLAKE3004 ,DKMONLW25003751 
DKLAKE3006 ,DKMONLW22001593 
DKLAKE3007 ,DKMONLW22001591 
DKLAKE3010 ,DKMONLW25003749 
DKLAKE3102 ,DKMONLW67000002 
DKLAKE4103 ,DKMONLW42001125 
DKLAKE6068 ,DKMONLW23000211 
DKLAKE6237 ,DKMONLW54000066 
DKLAKE6340 ,DKMONLW62000071 
DKLAKE6433 ,DKMONLW19000112 
DKLAKE6448 ,DKMONLW25000870 
DKLAKE6449 ,DKMONLW25000871 
DKLAKE6471 ,DKMONLW20000232 
DKLAKE6474 ,DKMONLW20000235 
DKLAKE6475 ,DKMONLW20000236 
DKLAKE6572 ,DKMONLW2000177 
DKLAKE6652 ,DKMONLW43000048 
DKLAKE6780 ,DKMONLW20000261 
DKLAKE6875 ,DKMONLW16000391 
DKLAKE6880 ,DKMONLW16000388 
DKLAKE7025 ,DKMONLW11000085 
DKLAKE7052 ,DKMONLW42000195 
DKLAKE7058 ,DKMONLW42000200 
DKLAKE7059 ,DKMONLW42000201 
DKLAKE7078 ,DKMONLW42000216 
DKLAKE7124 ,DKMONLW37000726 
DKLAKE7132 ,DKMONLW42000222 
DKLAKE7180 ,DKMONLW42000229 
DKLAKE7181 ,DKMONLW42000230 
DKLAKE7220 ,DKMONLW37000174 
DKLAKE11004 ,DKMONLW36000513 
DKLAKE11101 ,DKMONLW37000732 
DKLAKE11102 ,DKMONLW37000724 
DKLAKE11105 ,DKMONLW41000716 
DKLAKE11206 ,DKMONLW43000039 
DKLAKE11207 ,DKMONLW43000037 
DKLAKE11504 ,DKMONLW47000346 
DKLAKE11505 ,DKMONLW47000020 
DKLAKE11506 ,DKMONLW47000021 
DKLAKE35841 ,DKMONLW64000166 
DKLAKE36364 ,DKMONLW25003228 
DKLAKE36368 ,DKMONLW22001312 
DKLAKE36387 ,DKMONLW22001314 
DKLAKE36389 ,DKMONLW25003098 
DKLAKE36454 ,DKMONLW25003226 
DKLAKE36562 ,DKMONLW54000342 
DKLAKE36582 ,DKMONLW60000611 
DKLAKE36617 ,DKMONLW61000030 
DKLAKE36666 ,DKMONLW40000404 
DKLAKE36699 ,DKMONLW30000126 
DKLAKE36799 ,DKMONLW9000842 
DKLAKE36801 ,DKMONLW12000417 
DKLAKE37023 ,DKMONLW53000410 
DKLAKE37024 ,DKMONLW53000412 
DKLAKE1 ,DKMONLW1000417 
DKLAKE3 ,DKMONLW1000418 
DKLAKE8 ,DKMONLW1000412 
DKLAKE9 ,DKMONLW1000434 
DKLAKE12 ,DKMONLW15000225 
DKLAKE14 ,DKMONLW1000044 
DKLAKE18 ,DKMONLW2000184 
DKLAKE19 ,DKMONLW2000185 
DKLAKE20 ,DKMONLW1000416 
DKLAKE21 ,DKMONLW1000518 
DKLAKE23 ,DKMONLW15000115 
DKLAKE24 ,DKMONLW1000143 
DKLAKE26 ,DKMONLW1000199 
DKLAKE28 ,DKMONLW1000189 
DKLAKE29 ,DKMONLW1000239 
DKLAKE30 ,DKMONLW1000460 
DKLAKE32 ,DKMONLW30000214 
DKLAKE33 ,DKMONLW40000399 
DKLAKE34 ,DKMONLW36000115 
DKLAKE36 ,DKMONLW30000165 
DKLAKE37 ,DKMONLW30000649 
DKLAKE38 ,DKMONLW30000651 
DKLAKE39 ,DKMONLW30000163 
DKLAKE41 ,DKMONLW31000442 
DKLAKE42 ,DKMONLW30000168 
DKLAKE43 ,DKMONLW30000104 
DKLAKE44 ,DKMONLW30000555 
DKLAKE46 ,DKMONLW30000439 
DKLAKE48 ,DKMONLW30000478 
DKLAKE49 ,DKMONLW30000158 
DKLAKE50 ,DKMONLW38000111 
DKLAKE51 ,DKMONLW38000109 
DKLAKE52 ,DKMONLW38000034 
DKLAKE53 ,DKMONLW31000380 
DKLAKE54 ,DKMONLW38000286 
DKLAKE56 ,DKMONLW38000285 
DKLAKE58 ,DKMONLW31000033 
DKLAKE59 ,DKMONLW40000185 
DKLAKE63 ,DKMONLW30000092 
DKLAKE65 ,DKMONLW35000240 
DKLAKE67 ,DKMONLW40000186 
DKLAKE69 ,DKMONLW30000184 
DKLAKE71 ,DKMONLW37000064 
DKLAKE74 ,DKMONLW30000484 
DKLAKE78 ,DKMONLW30000146 
DKLAKE84 ,DKMONLW39000116 
DKLAKE85 ,DKMONLW36000022 
DKLAKE89 ,DKMONLW30000159 
DKLAKE91 ,DKMONLW38000132 
DKLAKE92 ,DKMONLW30000162 
DKLAKE93 ,DKMONLW41000143 
DKLAKE99 ,DKMONLW34000461 
DKLAKE101,DKMONLW34000033 
DKLAKE102,DKMONLW34000094 
DKLAKE105,DKMONLW37000143 
DKLAKE106,DKMONLW32000045 
DKLAKE109,DKMONLW41000609 
DKLAKE111,DKMONLW32000037 
DKLAKE113,DKMONLW37000122 
DKLAKE114,DKMONLW41000030 
DKLAKE115,DKMONLW37000052 
DKLAKE117,DKMONLW32000926 
DKLAKE124,DKMONLW32000891 
DKLAKE125,DKMONLW34000432 
DKLAKE126,DKMONLW32000977 
DKLAKE137,DKMONLW41000063 
DKLAKE139,DKMONLW41000166 
DKLAKE140,DKMONLW37000070 
DKLAKE141,DKMONLW33000014 
DKLAKE143,DKMONLW41000165 
DKLAKE144,DKMONLW34000034 
DKLAKE146,DKMONLW42000258 
DKLAKE148,DKMONLW34000085 
DKLAKE149,DKMONLW37000141 
DKLAKE155,DKMONLW34000437 
DKLAKE157,DKMONLW37000076 
DKLAKE167,DKMONLW46000506 
DKLAKE169,DKMONLW46000123 
DKLAKE179,DKMONLW46000029 
DKLAKE180,DKMONLW46000090 
DKLAKE184,DKMONLW47000961 
DKLAKE187,DKMONLW45000060 
DKLAKE189,DKMONLW45000268 
DKLAKE190,DKMONLW45000073 
DKLAKE191,DKMONLW44000080 
DKLAKE192,DKMONLW45001315 
DKLAKE193,DKMONLW44000077 
DKLAKE194,DKMONLW45000461 
DKLAKE195,DKMONLW45000061 
DKLAKE196,DKMONLW45000269 
DKLAKE197,DKMONLW45000081 
DKLAKE198,DKMONLW45001222 
DKLAKE199,DKMONLW45000193 
DKLAKE201,DKMONLW47000179 
DKLAKE202,DKMONLW46000037 
DKLAKE203,DKMONLW47001037 
DKLAKE206,DKMONLW44000149 
DKLAKE207,DKMONLW44000554 
DKLAKE208,DKMONLW44000123 
DKLAKE210,DKMONLW44000444 
DKLAKE213,DKMONLW44000079 
DKLAKE215,DKMONLW44000122 
DKLAKE220,DKMONLW44000082 
DKLAKE226,DKMONLW47000078 
DKLAKE231,DKMONLW44000425 
DKLAKE232,DKMONLW47000071 
DKLAKE237,DKMONLW47001144 
DKLAKE238,DKMONLW47001152 
DKLAKE239,DKMONLW47001148 
DKLAKE242,DKMONLW47000164 
DKLAKE251,DKMONLW19000098 
DKLAKE252,DKMONLW20000276 
DKLAKE255,DKMONLW16000092 
DKLAKE256,DKMONLW19000100 
DKLAKE258,DKMONLW16000304 
DKLAKE260,DKMONLW20000218 
DKLAKE261,DKMONLW9000818 
DKLAKE262,DKMONLW16000320 
DKLAKE263,DKMONLW14000043 
DKLAKE266,DKMONLW9000559 
DKLAKE269,DKMONLW20000223 
DKLAKE270,DKMONLW20000224 
DKLAKE271,DKMONLW18000242 
DKLAKE272,DKMONLW11000073 
DKLAKE274,DKMONLW18000209 
DKLAKE276,DKMONLW9000291 
DKLAKE277,DKMONLW18000822 
DKLAKE278,DKMONLW18000800 
DKLAKE279,DKMONLW9000894 
DKLAKE281,DKMONLW18000802 
DKLAKE282,DKMONLW9000896 
DKLAKE283,DKMONLW9000898 
DKLAKE284,DKMONLW18000824 
DKLAKE285,DKMONLW14000045 
DKLAKE288,DKMONLW9000841 
DKLAKE289,DKMONLW18000211 
DKLAKE290,DKMONLW10000773 
DKLAKE291,DKMONLW9000165 
DKLAKE294,DKMONLW20000795 
DKLAKE295,DKMONLW20000191 
DKLAKE297,DKMONLW16000098 
DKLAKE298,DKMONLW7000322 
DKLAKE300,DKMONLW13000018 
DKLAKE302,DKMONLW10000905 
DKLAKE303,DKMONLW18000247 
DKLAKE304,DKMONLW15000113 
DKLAKE305,DKMONLW10000884 
DKLAKE306,DKMONLW9000824 
DKLAKE307,DKMONLW12000102 
DKLAKE310,DKMONLW18000212 
DKLAKE311,DKMONLW6000109 
DKLAKE315,DKMONLW9000888 
DKLAKE316,DKMONLW20000738 
DKLAKE318,DKMONLW16000407 
DKLAKE319,DKMONLW12000098 
DKLAKE321,DKMONLW7000315 
DKLAKE322,DKMONLW13000106 
DKLAKE323,DKMONLW1000095 
DKLAKE325,DKMONLW9000205 
DKLAKE328,DKMONLW14000021 
DKLAKE330,DKMONLW16000328 
DKLAKE331,DKMONLW19000101 
DKLAKE332,DKMONLW7000066 
DKLAKE335,DKMONLW20000857 
DKLAKE336,DKMONLW10000170 
DKLAKE337,DKMONLW20000188 
DKLAKE339,DKMONLW11000074 
DKLAKE340,DKMONLW18000493 
DKLAKE343,DKMONLW11000109 
DKLAKE347,DKMONLW20000722 
DKLAKE350,DKMONLW7000087 
DKLAKE355,DKMONLW13000112 
DKLAKE357,DKMONLW20000184 
DKLAKE361,DKMONLW16000284 
DKLAKE363,DKMONLW16000283 
DKLAKE364,DKMONLW7000085 
DKLAKE365,DKMONLW7000086 
DKLAKE368,DKMONLW17002021 
DKLAKE370,DKMONLW16001303 
DKLAKE372,DKMONLW14000048 
DKLAKE379,DKMONLW20000053 
DKLAKE380,DKMONLW10000158 
DKLAKE381,DKMONLW9001144 
DKLAKE384,DKMONLW9000822 
DKLAKE386,DKMONLW19000132 
DKLAKE387,DKMONLW9001090 
DKLAKE389,DKMONLW7000308 
DKLAKE390,DKMONLW16000078 
DKLAKE391,DKMONLW18000918 
DKLAKE394,DKMONLW14000369 
DKLAKE396,DKMONLW12000523 
DKLAKE397,DKMONLW18000246 
DKLAKE398,DKMONLW16000369 
DKLAKE399,DKMONLW16000291 
DKLAKE400,DKMONLW1000125 
DKLAKE401,DKMONLW7000301 
DKLAKE405,DKMONLW11000303 
DKLAKE406,DKMONLW13000119 
DKLAKE407,DKMONLW20000214 
DKLAKE409,DKMONLW1000142 
DKLAKE414,DKMONLW10000221 
DKLAKE416,DKMONLW15001031 
DKLAKE417,DKMONLW15000141 
DKLAKE418,DKMONLW15000870 
DKLAKE420,DKMONLW15000153 
DKLAKE422,DKMONLW15001055 
DKLAKE423,DKMONLW15000155 
DKLAKE424,DKMONLW22000264 
DKLAKE425,DKMONLW22001352 
DKLAKE426,DKMONLW25003295 
DKLAKE428,DKMONLW22000364 
DKLAKE429,DKMONLW22000071 
DKLAKE430,DKMONLW25000140 
DKLAKE433,DKMONLW25001315 
DKLAKE434,DKMONLW25001317 
DKLAKE435,DKMONLW25000113 
DKLAKE436,DKMONLW22000271 
DKLAKE438,DKMONLW25001320 
DKLAKE439,DKMONLW22001354 
DKLAKE440,DKMONLW22000176 
DKLAKE441,DKMONLW22001293 
DKLAKE443,DKMONLW22000229 
DKLAKE444,DKMONLW22000228 
DKLAKE446,DKMONLW21006080 
DKLAKE447,DKMONLW21002658 
DKLAKE448,DKMONLW21001916 
DKLAKE450,DKMONLW21001567 
DKLAKE451,DKMONLW21001934 
DKLAKE452,DKMONLW21001692 
DKLAKE453,DKMONLW21001933 
DKLAKE455,DKMONLW21001740 
DKLAKE456,DKMONLW21001935 
DKLAKE457,DKMONLW21001693 
DKLAKE458,DKMONLW21000990 
DKLAKE461,DKMONLW21001566 
DKLAKE462,DKMONLW21001561 
DKLAKE464,DKMONLW21006120 
DKLAKE467,DKMONLW21006050 
DKLAKE469,DKMONLW21006076 
DKLAKE470,DKMONLW21000966 
DKLAKE471,DKMONLW21001392 
DKLAKE472,DKMONLW21001650 
DKLAKE473,DKMONLW21000899 
DKLAKE474,DKMONLW21001822 
DKLAKE478,DKMONLW21001915 
DKLAKE480,DKMONLW21001516 
DKLAKE482,DKMONLW21001682 
DKLAKE483,DKMONLW21006552 
DKLAKE485,DKMONLW19000130 
DKLAKE486,DKMONLW21001706 
DKLAKE487,DKMONLW21001569 
DKLAKE488,DKMONLW21006498 
DKLAKE489,DKMONLW21001739 
DKLAKE490,DKMONLW21001623 
DKLAKE491,DKMONLW21001684 
DKLAKE495,DKMONLW21001385 
DKLAKE496,DKMONLW21001709 
DKLAKE497,DKMONLW21006202 
DKLAKE498,DKMONLW21001926 
DKLAKE499,DKMONLW21001820 
DKLAKE500,DKMONLW21001730 
DKLAKE501,DKMONLW21001697 
DKLAKE503,DKMONLW21006478 
DKLAKE504,DKMONLW21000900 
DKLAKE506,DKMONLW21000962 
DKLAKE508,DKMONLW18000248 
DKLAKE510,DKMONLW21001686 
DKLAKE512,DKMONLW21006046 
DKLAKE513,DKMONLW21006047 
DKLAKE515,DKMONLW21001774 
DKLAKE516,DKMONLW21001372 
DKLAKE517,DKMONLW21006004 
DKLAKE518,DKMONLW21006049 
DKLAKE520,DKMONLW21001769 
DKLAKE522,DKMONLW21001371 
DKLAKE523,DKMONLW21006078 
DKLAKE524,DKMONLW21006494 
DKLAKE526,DKMONLW21000866 
DKLAKE528,DKMONLW25003291 
DKLAKE529,DKMONLW21006040 
DKLAKE531,DKMONLW21001420 
DKLAKE532,DKMONLW21001640 
DKLAKE534,DKMONLW21006081 
DKLAKE535,DKMONLW21001927 
DKLAKE536,DKMONLW21006278 
DKLAKE538,DKMONLW21001620 
DKLAKE539,DKMONLW21001621 
DKLAKE541,DKMONLW21001749 
DKLAKE543,DKMONLW21006200 
DKLAKE544,DKMONLW21001747 
DKLAKE545,DKMONLW21001764 
DKLAKE546,DKMONLW21001807 
DKLAKE547,DKMONLW21001809 
DKLAKE548,DKMONLW21001622 
DKLAKE550,DKMONLW21001932 
DKLAKE552,DKMONLW21000963 
DKLAKE553,DKMONLW21000977 
DKLAKE555,DKMONLW23000175 
DKLAKE556,DKMONLW23000192 
DKLAKE558,DKMONLW24000126 
DKLAKE561,DKMONLW23001109 
DKLAKE564,DKMONLW23000190 
DKLAKE567,DKMONLW24000112 
DKLAKE568,DKMONLW23000171 
DKLAKE569,DKMONLW23000183 
DKLAKE574,DKMONLW23000243 
DKLAKE576,DKMONLW24000718 
DKLAKE577,DKMONLW23000174 
DKLAKE579,DKMONLW23000196 
DKLAKE580,DKMONLW23000237 
DKLAKE582,DKMONLW26000186 
DKLAKE583,DKMONLW23000245 
DKLAKE586,DKMONLW26000171 
DKLAKE587,DKMONLW26000212 
DKLAKE588,DKMONLW26000228 
DKLAKE589,DKMONLW23000177 
DKLAKE590,DKMONLW54000432 
DKLAKE591,DKMONLW26000225 
DKLAKE592,DKMONLW26000214 
DKLAKE593,DKMONLW25000120 
DKLAKE595,DKMONLW25000677 
DKLAKE596,DKMONLW25001028 
DKLAKE597,DKMONLW25000562 
DKLAKE598,DKMONLW25001026 
DKLAKE599,DKMONLW25001019 
DKLAKE602,DKMONLW25003076 
DKLAKE601,DKMONLW25000739 
DKLAKE604,DKMONLW25000784 
DKLAKE605,DKMONLW25001318 
DKLAKE606,DKMONLW25000523 
DKLAKE607,DKMONLW25000834 
DKLAKE612,DKMONLW25003348 
DKLAKE613,DKMONLW21006548 
DKLAKE615,DKMONLW25000133 
DKLAKE620,DKMONLW25003805 
DKLAKE621,DKMONLW25001018 
DKLAKE622,DKMONLW25000524 
DKLAKE623,DKMONLW25000838 
DKLAKE626,DKMONLW25003214 
DKLAKE627,DKMONLW25003075 
DKLAKE629,DKMONLW25000836 
DKLAKE630,DKMONLW25001021 
DKLAKE632,DKMONLW25000103 
DKLAKE634,DKMONLW25003207 
DKLAKE636,DKMONLW25003216 
DKLAKE638,DKMONLW25003211 
DKLAKE639,DKMONLW25003203 
DKLAKE640,DKMONLW25001030 
DKLAKE642,DKMONLW25003304 
DKLAKE644,DKMONLW25003567 
DKLAKE645,DKMONLW25001322 
DKLAKE647,DKMONLW25003073 
DKLAKE650,DKMONLW27000068 
DKLAKE651,DKMONLW27000937 
DKLAKE655,DKMONLW27000081 
DKLAKE656,DKMONLW27000136 
DKLAKE657,DKMONLW21001928 
DKLAKE658,DKMONLW51000207 
DKLAKE659,DKMONLW51000203 
DKLAKE660,DKMONLW55000139 
DKLAKE661,DKMONLW51000133 
DKLAKE662,DKMONLW55000070 
DKLAKE665,DKMONLW51000222 
DKLAKE666,DKMONLW51000221 
DKLAKE669,DKMONLW51000099 
DKLAKE671,DKMONLW51000505 
DKLAKE672,DKMONLW51000490 
DKLAKE674,DKMONLW55000072 
DKLAKE676,DKMONLW55000053 
DKLAKE679,DKMONLW55000463 
DKLAKE682,DKMONLW55000020 
DKLAKE683,DKMONLW49000147 
DKLAKE684,DKMONLW49000069 
DKLAKE687,DKMONLW52000266 
DKLAKE688,DKMONLW52000112 
DKLAKE691,DKMONLW52000993 
DKLAKE692,DKMONLW52001042 
DKLAKE693,DKMONLW51000558 
DKLAKE695,DKMONLW52000262 
DKLAKE696,DKMONLW49000130 
DKLAKE699,DKMONLW52000119 
DKLAKE703,DKMONLW49000149 
DKLAKE706,DKMONLW52000911 
DKLAKE709,DKMONLW52000268 
DKLAKE710,DKMONLW52000288 
DKLAKE713,DKMONLW52000987 
DKLAKE714,DKMONLW51000037 
DKLAKE716,DKMONLW52000284 
DKLAKE717,DKMONLW52000367 
DKLAKE720,DKMONLW52000929 
DKLAKE723,DKMONLW49000150 
DKLAKE725,DKMONLW52000364 
DKLAKE726,DKMONLW52000375 
DKLAKE728,DKMONLW52000988 
DKLAKE730,DKMONLW52000100 
DKLAKE731,DKMONLW49000098 
DKLAKE732,DKMONLW55000074 
DKLAKE736,DKMONLW52000252 
DKLAKE739,DKMONLW50000101 
DKLAKE740,DKMONLW50000067 
DKLAKE741,DKMONLW50000289 
DKLAKE742,DKMONLW48000081 
DKLAKE744,DKMONLW48000080 
DKLAKE746,DKMONLW53000045 
DKLAKE748,DKMONLW50000131 
DKLAKE749,DKMONLW53000146 
DKLAKE751,DKMONLW48000020 
DKLAKE752,DKMONLW50000094 
DKLAKE754,DKMONLW50000068 
DKLAKE756,DKMONLW53000128 
DKLAKE757,DKMONLW48000013 
DKLAKE758,DKMONLW48000253 
DKLAKE760,DKMONLW50000229 
DKLAKE762,DKMONLW48000238 
DKLAKE763,DKMONLW48000103 
DKLAKE766,DKMONLW50000215 
DKLAKE767,DKMONLW50000247 
DKLAKE774,DKMONLW53000170 
DKLAKE775,DKMONLW53000190 
DKLAKE776,DKMONLW53000158 
DKLAKE777,DKMONLW50000249 
DKLAKE779,DKMONLW52000768 
DKLAKE780,DKMONLW53000171 
DKLAKE782,DKMONLW48000060 
DKLAKE785,DKMONLW50000417 
DKLAKE786,DKMONLW50000234 
DKLAKE788,DKMONLW53000044 
DKLAKE791,DKMONLW53000144 
DKLAKE792,DKMONLW58000159 
DKLAKE793,DKMONLW58000036 
DKLAKE794,DKMONLW58000030 
DKLAKE796,DKMONLW57000189 
DKLAKE799,DKMONLW52000264 
DKLAKE805,DKMONLW60000138 
DKLAKE808,DKMONLW53000254 
DKLAKE810,DKMONLW53000139 
DKLAKE812,DKMONLW53000134 
DKLAKE813,DKMONLW58000059 
DKLAKE818,DKMONLW53000626 
DKLAKE823,DKMONLW58000157 
DKLAKE825,DKMONLW53000142 
DKLAKE827,DKMONLW57000190 
DKLAKE830,DKMONLW57000206 
DKLAKE832,DKMONLW57000320 
DKLAKE837,DKMONLW56000034 
DKLAKE838,DKMONLW56000046 
DKLAKE841,DKMONLW57000998 
DKLAKE844,DKMONLW63000289 
DKLAKE845,DKMONLW57000332 
DKLAKE846,DKMONLW57000086 
DKLAKE847,DKMONLW57000327 
DKLAKE848,DKMONLW57000338 
DKLAKE849,DKMONLW57000220 
DKLAKE850,DKMONLW57000221 
DKLAKE851,DKMONLW57000222 
DKLAKE852,DKMONLW64000051 
DKLAKE854,DKMONLW60000103 
DKLAKE856,DKMONLW57000328 
DKLAKE858,DKMONLW57000333 
DKLAKE861,DKMONLW57000317 
DKLAKE862,DKMONLW63000290 
DKLAKE863,DKMONLW57001057 
DKLAKE867,DKMONLW54000106 
DKLAKE868,DKMONLW64000039 
DKLAKE869,DKMONLW57000223 
DKLAKE870,DKMONLW61000056 
DKLAKE871,DKMONLW62000044 
DKLAKE872,DKMONLW57000260 
DKLAKE873,DKMONLW56000213 
DKLAKE874,DKMONLW56000051 
DKLAKE875,DKMONLW64000065 
DKLAKE878,DKMONLW57000315 
DKLAKE882,DKMONLW57000219 
DKLAKE883,DKMONLW64000032 
DKLAKE888,DKMONLW56000037 
DKLAKE889,DKMONLW57000329 
DKLAKE894,DKMONLW62000105 
DKLAKE895,DKMONLW56000056 
DKLAKE899,DKMONLW57000262 
DKLAKE903,DKMONLW57000192 
DKLAKE904,DKMONLW57000330 
DKLAKE907,DKMONLW55000054 
DKLAKE908,DKMONLW57000093 
DKLAKE909,DKMONLW56000052 
DKLAKE910,DKMONLW57000259 
DKLAKE912,DKMONLW56000078 
DKLAKE913,DKMONLW62000024 
DKLAKE914,DKMONLW61000054 
DKLAKE915,DKMONLW60000193 
DKLAKE924,DKMONLW60000182 
DKLAKE925,DKMONLW60000190 
DKLAKE926,DKMONLW60000186 
DKLAKE927,DKMONLW60000136 
DKLAKE930,DKMONLW60000183 
DKLAKE933,DKMONLW60000105 
DKLAKE934,DKMONLW67000047 
DKLAKE938,DKMONLW66000077 
DKLAKE940,DKMONLW66000344 
DKLAKE941,DKMONLW67000459 
DKLAKE950,DKMONLW67000049 
DKLAKE957,DKMONLW42001013 
DKLAKE959,DKMONLW41000164 
DKLAKE960,DKMONLW42000129 
DKLAKE962,DKMONLW42000893 
DKLAKE963,DKMONLW41000136 
DKLAKE965,DKMONLW42000260 
DKLAKE967,DKMONLW42000896 
DKLAKE968,DKMONLW42000963 
DKLAKE970,DKMONLW42000131 
DKLAKE971,DKMONLW42000081 
DKLAKE978,DKMONLW42001015 
DKLAKE981,DKMONLW42001055 
DKLAKE982,DKMONLW42001017 
DKLAKE984,DKMONLW42000259 
DKLAKE985,DKMONLW42000049 
DKLAKE987,DKMONLW42000140 
DKLAKE988,DKMONLW40000189 
DKLAKE992,DKMONLW42000897 
DKLAKE1001 ,DKMONLW25000800 
DKLAKE1109 ,DKMONLW1000408 
DKLAKE1211 ,DKMONLW10000777 
DKLAKE1212 ,DKMONLW9000828 
DKLAKE1214 ,DKMONLW11000286 
DKLAKE1803 ,DKMONLW25003302 
DKLAKE2204 ,DKMONLW49000233 
DKLAKE2205 ,DKMONLW52000254 
DKLAKE2301 ,DKMONLW50000206 
DKLAKE2302 ,DKMONLW50000494 
DKLAKE2303 ,DKMONLW50000422 
DKLAKE2305 ,DKMONLW48000387 
DKLAKE2306 ,DKMONLW48000078 
DKLAKE2502 ,DKMONLW57000179 
DKLAKE3003 ,DKMONLW33000322 
DKLAKE3004 ,DKMONLW25003752 
DKLAKE3006 ,DKMONLW22001594 
DKLAKE3007 ,DKMONLW22001592 
DKLAKE3010 ,DKMONLW25003750 
DKLAKE4103 ,DKMONLW42001126 
DKLAKE6068 ,DKMONLW23001058 
DKLAKE6339 ,DKMONLW47001150 
DKLAKE6433 ,DKMONLW19000459 
DKLAKE6471 ,DKMONLW20000842 
DKLAKE6474 ,DKMONLW20000843 
DKLAKE6475 ,DKMONLW20000844 
DKLAKE6572 ,DKMONLW2000944 
DKLAKE6780 ,DKMONLW20000846 
DKLAKE6875 ,DKMONLW16001310 
DKLAKE7025 ,DKMONLW11000344 
DKLAKE7052 ,DKMONLW42001040 
DKLAKE7058 ,DKMONLW42000947 
DKLAKE7059 ,DKMONLW42000948 
DKLAKE7078 ,DKMONLW42001041 
DKLAKE7132 ,DKMONLW42000953 
DKLAKE7180 ,DKMONLW42001035 
DKLAKE7181 ,DKMONLW42001036 
DKLAKE11004 ,DKMONLW36000514 
DKLAKE11105 ,DKMONLW41000122 
DKLAKE11206 ,DKMONLW43000040 
DKLAKE11505 ,DKMONLW47000196 
DKLAKE11506 ,DKMONLW47000169 
DKLAKE35841 ,DKMONLW64000167 
DKLAKE36389 ,DKMONLW25003099 
DKLAKE36562 ,DKMONLW54000478 
DKLAKE36617 ,DKMONLW61000404 
DKLAKE36799 ,DKMONLW9000843 
DKLAKE275,DKMONLW9000142 
DKLAKE248,DKMONLW9000149 
DKLAKE402,DKMONLW9000156 
DKLAKE327,DKMONLW9000212 
DKLAKE412,DKMONLW11000062 
DKLAKE419,DKMONLW15000111 
DKLAKE309,DKMONLW16000077 
DKLAKE301,DKMONLW16000297 
DKLAKE329,DKMONLW16000299 
DKLAKE338,DKMONLW16000300 
DKLAKE265,DKMONLW16000330 
DKLAKE317,DKMONLW16000361 
DKLAKE531,DKMONLW21001683 
DKLAKE549,DKMONLW21001714 
DKLAKE542,DKMONLW21001743 
DKLAKE507,DKMONLW21001745 
DKLAKE479,DKMONLW21001911 
DKLAKE440,DKMONLW22000182 
DKLAKE428,DKMONLW22001620 
DKLAKE197,DKMONLW45000087 
DKLAKE214,DKMONLW47000195 
DKLAKE245,DKMONLW47000303 
DKLAKE684,DKMONLW49000068 
DKLAKE739,DKMONLW50000107 
DKLAKE714,DKMONLW51000202 
DKLAKE843,DKMONLW54000038 
DKLAKE856,DKMONLW57000880 
DKLAKE868,DKMONLW64000058 
DKLAKE941,DKMONLW67000051 
DKLAKE1000 ,DKMONLW21000336 
DKLAKE875,DKMONLW64000059 
DKLAKE121,DKMONLW41000134 
DKLAKE123,DKMONLW41000072 
DKLAKE128,DKMONLW41000145 
DKLAKE156,DKMONLW41000147 
DKLAKE265,DKMONLW16000262 
DKLAKE268,DKMONLW11000063 
DKLAKE273,DKMONLW16000281 
DKLAKE309,DKMONLW16000071 
DKLAKE411,DKMONLW18000101 
DKLAKE5 ,DKMONLW2000111 
DKLAKE77 ,DKMONLW35000585 
DKLAKE98 ,DKMONLW33000317 
DKLAKE145,DKMONLW34000459 
DKLAKE351,DKMONLW21001819 
DKLAKE527,DKMONLW21001563 
DKLAKE570,DKMONLW23000984 
DKLAKE745,DKMONLW50000225 
DKLAKE1101 ,DKMONLW1000454 
DKLAKE1102 ,DKMONLW1000455 
DKLAKE1103 ,DKMONLW1000453 
DKLAKE1117 ,DKMONLW1000437 
DKLAKE1204 ,DKMONLW20000208 
DKLAKE1215 ,DKMONLW7000072 
DKLAKE1226 ,DKMONLW1000127 
DKLAKE1505 ,DKMONLW21001689 
DKLAKE1506 ,DKMONLW21006274 
DKLAKE1507 ,DKMONLW21006174 
DKLAKE1805 ,DKMONLW25003300 
DKLAKE2304 ,DKMONLW50000248 
DKLAKE11001 ,DKMONLW30000551 
DKLAKE11002 ,DKMONLW30000547 
DKLAKE11401 ,DKMONLW44000542 
DKLAKE96 ,DKMONLW37000012 
DKLAKE98 ,DKMONLW33000011 
DKLAKE145,DKMONLW34000083 
DKLAKE521,DKMONLW21000200 
DKLAKE664,DKMONLW51000059 
DKLAKE1101 ,DKMONLW1000457 
DKLAKE1102 ,DKMONLW1000458 
DKLAKE1103 ,DKMONLW1000456 
DKLAKE1117 ,DKMONLW1000055 
DKLAKE1204 ,DKMONLW20000207 
DKLAKE1215 ,DKMONLW7000071 
DKLAKE1222 ,DKMONLW1000474 
DKLAKE1226 ,DKMONLW1000021 
DKLAKE1505 ,DKMONLW21006271 
DKLAKE1506 ,DKMONLW21006273 
DKLAKE1803 ,DKMONLW25003301 
DKLAKE1805 ,DKMONLW25003299 
DKLAKE2101 ,DKMONLW51000548 
DKLAKE2303 ,DKMONLW50000114 
DKLAKE2402 ,DKMONLW53000526 
DKLAKE2403 ,DKMONLW53000489 
DKLAKE6664 ,DKMONLW12000123 
DKLAKE6667 ,DKMONLW12000118 
DKLAKE11001 ,DKMONLW30000550 
DKLAKE11002 ,DKMONLW30000127 
DKLAKE11201 ,DKMONLW46000614 
DKLAKE11202 ,DKMONLW46000590 
DKLAKE11501 ,DKMONLW47000932 
DKLAKE801,DKMONLW53000005 
